sample_code;lakeID;month_code;season;season_year;column;lake_month;year;TPN;TPC;volume_TPCN;Temperature;salinity;pH;Chla;NH4;PO43;NO3_NO2;Na_589_592;P_178_287;S_182_034;Fe_238_204
BOI-A-W2;BLR;A;summer;summer_2021;W2;BLR_A;2021;0.0785364;0.8191736;500;22.3;0.1;7.8;26.5;0.6748295;0.0050;0.7290;;;;
BOI-B-W2;BLR;B;summer;summer_2021;W2;BLR_B;2021;0.158770857142857;1.61829371428571;350;26;0.1;8.2;11.6;0.4688588;0.0230;10.1820;7717;57.98;1284.8;21,43
BOI-C-W2;BLR;C;summer;summer_2021;W2;BLR_C;2021;0.312213;2.743724;200;21.6;0.1;8.1;24.6;3.4773695;0.0160;73.5780;;;;
BOI-D-W2;BLR;D;autumn;autumn_2021;W2;BLR_D;2021;0.240361;2.081144;200;18.8;0.1;8.2;27.8;1.7099557;0.0070;0.8240;;;;
BOI-E-W2;BLR;E;autumn;autumn_2021;W2;BLR_E;2021;0.196024666666667;1.88611933333333;300;12.7;0.1;8.2;18;0.37923405;-0.002;0.746;4405.3;4.263;891.3;6,57
BOI-F-W2;BLR;F;autumn;autumn_2021;W2;BLR_F;2021;0.0902372;0.8729576;500;7.4;0.15;8.11;9.8;2.51726752;0.028;4.6495;;;;
BOI-G-W2;BLR;G;winter;winter_2021;W2;BLR_G;2022;0.0777412;0.6847136;500;3.7;0.2;8.2;8.7;0.80800818;1.052;11.525;7614;8.44;1731.5;10,3
BOI-H-W2;BLR;H;winter;winter_2021;W2;BLR_H;2022;0.083194;0.7334756;500;8.6;0.2;8;24.7;0.6516195;1.07;9.2;;;;
BOI-I-W2;BLR;I;spring;spring_2022;W2;BLR_I;2022;0.1083916;0.8890808;500;12.9;0.2;8.2;6.8;0.474269;0.042;0.015;;;;
BOI-J-W2;BLR;J;spring;spring_2022;W2;BLR_J;2022;0.1046692;0.98904;500;17;0.14;8.2;6.7;0.50272514;0.012;0.498;8380.2;16.5;1800.7;9,53
BOI-K-W2;BLR;K;spring;spring_2022;W2;BLR_K;2022;0.1418345;1.212287;400;22;0.2;8.1;13.3;0.46047778;0.018;0.158;;;;
BOI-L-W2;BLR;L;summer;summer_2022;W2;BLR_L;2022;0.288181;2.774594;200;22.2;0.14;7.9;31.4;0.55015204;0.06;0.331;;;;
BOI-M-W2;BLR;M;summer;summer_2022;W2;BLR_M;2022;0.296359;2.724533;200;24.3;0.13;8.13;42.1;0.38693996;0.04;0.158;8666;21.01;1381.3;5,64
BOI-N-W2;BLR;N;summer;summer_2022;W2;BLR_N;2022;0.268159;2.155954;200;23.5;0.14;7.9;63;6.44668892;0.01;1.31;;;;
BOI-O-W2;BLR;O;autumn;autumn_2022;W2;BLR_O;2022;0.275567333333333;2.414798;300;15.8;0.13;8.15;37.5;0.50391908;0.009;0.046;;;;
BOI-P-W2;BLR;P;autumn;autumn_2022;W2;BLR_P;2022;0.228695333333333;2.00138466666667;300;8.8;0.15;8.12;15.43;0.51260734;0.024;0.0;4506;34.83;818.3;2,19
BOI-Q-W2;BLR;Q;autumn;autumn_2022;W2;BLR_Q;2022;0.1053985;0.9282655;400;8.9;0.15;8.12;12.09;1.33069596;0.037;14.543;;;;
BOI-R-W2;BLR;R;winter;winter_2022;W2;BLR_R;2022;0.1026085;0.918;400;9;0.15;8.11;14.83;2.51726752;0.031;1.037;;;;
CHA-A-W2;CSM;A;summer;summer_2021;W2;CSM_A;2021;0.2074724;1.1258396;500;22.7;0.2;8.7;59.8;1.1555300;0.2115;155.7600;;;;
CHA-B-W2;CSM;B;summer;summer_2021;W2;CSM_B;2021;0.403812;2.3764192;250;25.8;0.1;9.0;96.5;1.1185530;0.1240;9.1570;21848.9;21.05;26012.6;2,53
CHA-C-W2;CSM;C;summer;summer_2021;W2;CSM_C;2021;0.466911764705882;2.27349960784314;510;20.7;0.2;8.2;98.8;14.0512448;0.5265;45.5800;;;;
CHA-D-W2;CSM;D;autumn;autumn_2021;W2;CSM_D;2021;0.3752596;2.1814316;500;18;0.2;8.2;117.7;18.3948940;0.3330;3.8180;;;;
CHA-E-W2;CSM;E;autumn;autumn_2021;W2;CSM_E;2021;0.12995425;0.73321475;800;13;0.2;7.6;6.7;38.044954375;2.849;4.05;18936.9;136.9;27192.5;10,82
CHA-F-W2;CSM;F;autumn;autumn_2021;W2;CSM_F;2021;0.035917;0.2328448;1000;7.11;0.29;7.55;3.1;113.75538818;7.761;1.793;;;;
CHA-G-W2;CSM;G;winter;winter_2021;W2;CSM_G;2022;0.0419572;0.2763116;500;5;0.3;7.9;8.3;114.99840516;7.472;34.529;19852.6;267.1;27639.3;20,97
CHA-H-W2;CSM;H;winter;winter_2021;W2;CSM_H;2022;0.1187174;0.6709138;1000;9.2;0.3;8;22.7;27.26375988;4.012;46.438;;;;
CHA-I-W2;CSM;I;spring;spring_2022;W2;CSM_I;2022;0.0571286;0.3498722;1000;12.9;0.3;8.5;2.2;12.18094052;2.953;32.881;;;;
CHA-J-W2;CSM;J;spring;spring_2022;W2;CSM_J;2022;0.0392452;0.3511896;500;17;0.3;7.9;2.6;20.48894276;2.963;9.061;20943.1;118.3;28230.7;10,72
CHA-K-W2;CSM;K;spring;spring_2022;W2;CSM_K;2022;0.0355274;0.2342842;1000;21.1;0.3;8.2;2.2;13.61360486;3.068;3.786;;;;
CHA-L-W2;CSM;L;summer;summer_2022;W2;CSM_L;2022;0.0318004;0.2113444;500;21.9;0.27;9;2;1.12906852;1.597;0.5735;;;;
CHA-M-W2;CSM;M;summer;summer_2022;W2;CSM_M;2022;0.0457876;0.27679;500;25;0.26;8.4;2.9;4.20511784;1.398;0.018;12548.5;37.76;15469.2;2,91
CHA-N-W2;CSM;N;summer;summer_2022;W2;CSM_N;2022;0.1182452;1.0474768;500;25.7;0.25;8.65;19;0.250058032;0.222;0.117;;;;
CHA-O-W2;CSM;O;autumn;autumn_2022;W2;CSM_O;2022;0.1100984;0.8445132;500;15.2;0.26;8.44;10.7;2.85509938;0.36;1.446;;;;
CHA-P-W2;CSM;P;autumn;autumn_2022;W2;CSM_P;2022;0.0707036;0.4551784;500;9.5;0.26;8.05;3.89;5.25664688;0.649;2.209;23706.8;40.32;28711.5;7,9
CHA-Q-W2;CSM;Q;autumn;autumn_2022;W2;CSM_Q;2022;0.039902;0.3006512;500;9.5;0.26;8.06;3.9;11.57988612;1.662;8.849;;;;
CHA-R-W2;CSM;R;winter;winter_2022;W2;CSM_R;2022;0.0221576;0.183834;500;9.4;0.26;8.05;3.87;14.35630472;2.854;29.343;;;;
CRJ-A-W2;CER-S;A;summer;summer_2021;W2;CER-S_A;2021;0.063314;0.4363676;500;21;0;9.6;11.8;0.7487834;0.1775;70.5200;;;;
CRJ1-B-W2;CER-S;B;summer;summer_2021;W2;CER-S_B;2021;0.050818;0.3908456;500;26.3;0;9.2;6.4;0.6286083;0.2920;48.9750;13537.6;8.579;7111;15,65
CRJ1-C-W2;CER-S;C;summer;summer_2021;W2;CER-S_C;2021;0.1055732;0.7909856;500;21.8;0;9.1;12.3;0.8782028;0.0520;71.1210;;;;
CRJ1-D-W2;CER-S;D;autumn;autumn_2021;W2;CER-S_D;2021;0.0490004;0.3824216;500;18.7;0.1;8.3;4;2.8749586;0.3570;7.1350;;;;
CRJ1-E-W2;CER-S;E;autumn;autumn_2021;W2;CER-S_E;2021;0.0407196;0.271059866666667;1500;11.9;0.1;8.3;6;1.1085303;0.088;0.765;8870.7;4.646;4304.7;4,62
CRJ1-F-W2;CER-S;F;autumn;autumn_2021;W2;CER-S_F;2021;0.037621;0.2773138;1000;7.58;0.17;8.07;5.7;1.58126332;0.082;7.182;;;;
CRJ-G-W2;CER-S;G;winter;winter_2021;W2;CER-S_G;2022;0.0418436;0.3255596;500;4.1;0.2;8.3;8;0.72186348;0.057;0.6735;16848.7;12.13;7071.8;3,07
CRJ-H-W2;CER-S;H;winter;winter_2021;W2;CER-S_H;2022;0.0458486;0.300381;1000;8.6;0.2;8.1;5.5;0.32087704;0.044;0.486;;;;
CRJ-I-W2;CER-S;I;spring;spring_2022;W2;CER-S_I;2022;0.0389114;0.3208938;1000;13.2;0.2;8.6;4.3;0.29540084;0.001;0.027;;;;
CRJ-J-W2;CER-S;J;spring;spring_2022;W2;CER-S_J;2022;0.0206378;0.1598846;1000;17;0.2;8.5;1.2;0.25481412;0.052;0.163;12718.6;9.83;5990.6;16,27
CRJ-K-W2;CER-S;K;spring;spring_2022;W2;CER-S_K;2022;0.1289212;1.1134192;500;21;0.2;8.4;14.8;0.40581508;0.035;0.19;;;;
CRJ-L-W2;CER-S;L;summer;summer_2022;W2;CER-S_L;2022;0.1007212;0.7663296;500;24.3;0.14;9.1;7.5;0.55604864;0.006;0.0;;;;
CRJ-M-W2;CER-S;M;summer;summer_2022;W2;CER-S_M;2022;0.1122268;0.8804524;500;24.1;0.14;9.06;16.7;0.4268421;0.02;0.112;8382.1;8.936;3475;4,17
CRJ-N-W2;CER-S;N;summer;summer_2022;W2;CER-S_N;2022;0.1313024;1.0769744;500;25.2;0.14;9.02;15.3;0.52998386;0.053;0.144;;;;
CRJ-O-W2;CER-S;O;autumn;autumn_2022;W2;CER-S_O;2022;0.091238;0.61708;500;15.9;0.16;8.06;12.4;1.3808009;0.017;0.154;;;;
CRJ-P-W2;CER-S;P;autumn;autumn_2022;W2;CER-S_P;2022;0.089006;0.7208244;500;9.2;0.18;8.07;14.79;1.49925492;0.036;0.874;10767.8;7.279;4163.4;2,39
CRJ-Q-W2;CER-S;Q;autumn;autumn_2022;W2;CER-S_Q;2022;0.078962;0.6165772;500;9.2;0.18;8.06;12.28;1.2163564;0.055;2.506;;;;
CRJ-R-W2;CER-S;R;winter;winter_2022;W2;CER-S_R;2022;0.0659048;0.5021064;500;9.3;0.18;8.02;10.7;0.4268421;0.029;3.689;;;;
CRJ2-B-W2;CER-L;B;summer;summer_2021;W2;CER-L_B;2021;0.0509316;0.3514796;500;24.1;0.1;9.0;6.5;0.4807005;0.1390;39.2000;18861.5;16.41;9157;
CRJ2-C-W2;CER-L;C;summer;summer_2021;W2;CER-L_C;2021;0.0876625;0.606817;400;20.8;0.1;7.9;8.4;1.5900093;0.0640;7.9060;;;;5,6
CRJ2-D-W2;CER-L;D;autumn;autumn_2021;W2;CER-L_D;2021;0.0488868;0.3098456;500;18.6;0.1;8.3;6.5;2.4682121;0.4025;1.5900;;;;
CRJ2-E-W2;CER-L;E;autumn;autumn_2021;W2;CER-L_E;2021;0.0300412;0.208905866666667;1500;13.6;0.1;8.2;4.4;1.142564125;0.031;0.521;23151.1;5.56;9406.2;
CRJ2-F-W2;CER-L;F;autumn;autumn_2021;W2;CER-L_F;2021;0.0201834;0.1705558;1000;8.77;0.19;8.16;3.3;1.70289896;0.053;7.814;;;;10,33
TRI-G-W2;CER-L;G;winter;winter_2021;W2;CER-L_G;2022;0.018309;0.1554898;1000;4.5;0.2;8.3;2.7;1.0180126;0.005;4.4155;19645.4;2.744;8754.6;
TRI-H-W2;CER-L;H;winter;winter_2021;W2;CER-L_H;2022;0.0282518;0.1751878;1000;8.1;0.2;8.1;2.1;0.90600576;0.02;2.839;;;;4,21
TRI-I-W2;CER-L;I;spring;spring_2022;W2;CER-L_I;2022;0.0291542;0.2084804;1000;10.9;0.2;8.7;2.1;1.2163564;0.092;2.281;;;;
TRI-J-W2;CER-L;J;spring;spring_2022;W2;CER-L_J;2022;0.032933;0.2390868;1000;16.7;0.2;8.6;1.4;0.5190658;0.009;0.368;19574.2;6.223;8827.9;
TRI-K-W2;CER-L;K;spring;spring_2022;W2;CER-L_K;2022;0.0197354;0.1376624;1000;20.4;0.2;8.8;1.4;1.35900864;0.046;0.419;;;;13,31
TRI-L-W2;CER-L;L;summer;summer_2022;W2;CER-L_L;2022;0.0443212;0.3813076;500;23;0.14;9.3;8.8;2.57172496;0.007;0.0;;;;
TRI-M-W2;CER-L;M;summer;summer_2022;W2;CER-L_M;2022;0.0445468;0.322374;500;23;0.14;9.2;4;0.45529824;0.004;0.029;20722.3;6.645;8812.7;
TRI-N-W2;CER-L;N;summer;summer_2022;W2;CER-L_N;2022;0.0558405333333333;0.374179466666667;750;24.4;0.15;8.96;6.3;0.26933606;0.016;0.049;;;;1,81
TRI-O-W2;CER-L;O;autumn;autumn_2022;W2;CER-L_O;2022;0.052178;0.33216;500;16.3;0.17;7.79;6.9;2.328886025;0.008;0.416;;;;
TRI-P-W2;CER-L;P;autumn;autumn_2022;W2;CER-L_P;2022;0.0274282;0.1724488;1000;9.9;0.18;8.04;3.25;1.58254686;0.035;1.452;10630.6;0.72;4290.4;
TRI-Q-W2;CER-L;Q;autumn;autumn_2022;W2;CER-L_Q;2022;0.0349916;0.2386392;500;9.7;0.18;8.05;4.42;1.7810933;0.024;3.472;;;;1,7
TRI-R-W2;CER-L;R;winter;winter_2022;W2;CER-L_R;2022;0.0297464;0.1969068;500;10;0.18;8.03;3.08;0.55963742;0.03;6.837;;;;
CTL-A-W2;CRE;A;summer;summer_2021;W2;CRE_A;2021;0.0341188;0.2858696;500;22;0.7;7.9;5.5;11.1485534;0.4220;36.0060;;;;
CTL-B-W2;CRE;B;summer;summer_2021;W2;CRE_B;2021;0.1430612;1.0725416;500;25.2;0.7;8.6;16.7;4.7511026;0.0230;36.0060;83188.2;45.35;156463.4;
CTL-C-W2;CRE;C;summer;summer_2021;W2;CRE_C;2021;0.1392085;0.787042;400;21.3;0.7;7.8;23.9;29.8194203;2.0320;76.8840;;;;9,01
CTL-D-W2;CRE;D;autumn;autumn_2021;W2;CRE_D;2021;0.0993252;0.6848756;500;19.2;0.7;7.7;21.6;28.1407219;3.7360;5.6280;;;;
CTL-E-W2;CRE;E;autumn;autumn_2021;W2;CRE_E;2021;0.0938724;0.7686296;500;14;0.7;8;28.3;9.087031275;1.166;43.764;91695.2;85.36;150098.7;
CTL-F-W2;CRE;F;autumn;autumn_2021;W2;CRE_F;2021;0.0380754;0.2732638;1000;8.74;0.76;7.74;6.1;20.86000364;1.501;26.2595;;;;27,02
CTL-G-W2;CRE;G;winter;winter_2021;W2;CRE_G;2022;0.038322;0.3262076;500;4.5;0.7;7.9;11.1;8.74038956;0.698;32.186;76936.5;69.16;142206;
CTL-H-W2;CRE;H;winter;winter_2021;W2;CRE_H;2022;0.0594364;0.3684464;500;9.1;0.7;7.8;14.6;9.18349082;1.33;39.09;;;;14,29
CTL-I-W2;CRE;I;spring;spring_2022;W2;CRE_I;2022;0.0979012;0.65937;500;11.9;0.8;8.2;5.4;3.97437422;0.079;29.295;;;;
CTL-J-W2;CRE;J;spring;spring_2022;W2;CRE_J;2022;0.0542476;0.3715396;500;17;0.8;8.2;5.3;3.95540346;0.056;16.991;76827.3;42.16;142634;
CTL-K-W2;CRE;K;spring;spring_2022;W2;CRE_K;2022;0.1271164;0.6963256;500;20.6;0.7;8;6.9;9.73953946;0.061;9.376;;;;33,31
CTL-L-W2;CRE;L;summer;summer_2022;W2;CRE_L;2022;0.1424572;1.0741844;500;24;0.78;8.5;18.6;1.40383624;0.091;1.599;;;;
CTL-M-W2;CRE;M;summer;summer_2022;W2;CRE_M;2022;0.0945172;0.658556;500;25.2;0.78;8.01;20.6;1.83088664;0.269;0.164;28431.9;15.54;53169.7;
CTL-N-W2;CRE;N;summer;summer_2022;W2;CRE_N;2022;0.1206868;0.7754464;500;24.2;0.78;7.5;20.4;30.40022174;1.982;1.456;;;;21,94
CTL-O-W2;CRE;O;autumn;autumn_2022;W2;CRE_O;2022;0.160196666666667;0.931557333333333;600;16.7;0.79;7.52;26.9;33.4932423;2.78;3.481;;;;
CTL-P-W2;CRE;P;autumn;autumn_2022;W2;CRE_P;2022;0.5227952;2.4533056;500;10;0.79;7.7;9.53;5.65605726;1.064;1.033;76610.8;56.3;132372.1;
CTL-Q-W2;CRE;Q;autumn;autumn_2022;W2;CRE_Q;2022;0.0709268;0.4364072;500;10.1;0.79;7.7;9.5;34.23003012;1.978;27.022;;;;8,54
CTL-R-W2;CRE;R;winter;winter_2022;W2;CRE_R;2022;0.02093;0.1330512;500;10.2;0.79;7.69;8.24;40.8593239;2.811;40.7305;;;;
GDP-A-W2;LGP;A;summer;summer_2021;W2;LGP_A;2021;0.0789908;0.5889716;500;22;0;8.1;9.9;2.0984425;0.1895;35.3400;;;;
GDP-B-W2;LGP;B;summer;summer_2021;W2;LGP_B;2021;0.1332916;0.8831636;500;23.5;0;8.6;38.1;0.8126886;0.0360;43.0840;7092.9;11.16;5477.5;
GDP-C-W2;LGP;C;summer;summer_2021;W2;LGP_C;2021;0.286336666666667;1.61152933333333;300;20.9;0;8.2;54.3;5.4934624;0.0370;47.0750;;;;3,5
GDP-D-W2;LGP;D;autumn;autumn_2021;W2;LGP_D;2021;0.2316692;1.4315336;500;19;0;8.1;54.9;6.7754695;0.0620;3.2670;;;;
GDP-E-W2;LGP;E;autumn;autumn_2021;W2;LGP_E;2021;0.2752916;1.8135296;500;13;0;8.2;61.3;2.630328475;0.455;2.272;6825;16.9;5133.7;
GDP-F-W2;LGP;F;autumn;autumn_2021;W2;LGP_F;2021;0.271908533333333;1.70031173333333;750;7.96;0.16;7.85;33.5;20.98031422;0.077;8.654;;;;0,81
GDP-G-W2;LGP;G;winter;winter_2021;W2;LGP_G;2022;0.0756964;0.5040836;500;4.0;0.2;8.1;17.8;9.84379858;0.011;89.372;8021.4;11.23;7338.3;
GDP-H-W2;LGP;H;winter;winter_2021;W2;LGP_H;2022;0.0868292;0.5703416;500;7.8;0.2;7.9;18.3;4.84804908;0.94;83.28;;;;3,45
GDP-I-W2;LGP;I;spring;spring_2022;W2;LGP_I;2022;0.0606772;0.4474044;500;10.3;0.2;8.3;4.7;0.60706432;0.36;66.18;;;;
GDP-J-W2;LGP;J;spring;spring_2022;W2;LGP_J;2022;0.0340564;0.3357236;500;14.6;0.2;8.3;4.6;5.86196484;1.344;51.656;8669.9;10.3;8058.7;
GDP-K-W2;LGP;K;spring;spring_2022;W2;LGP_K;2022;0.0768076;0.6020644;500;22.3;0.2;8.4;13.3;6.79421932;0.022;13.449;;;;3,44
GDP-L-W2;LGP;L;summer;summer_2022;W2;LGP_L;2022;0.1450516;1.051718;500;22.4;0.17;8.14;17.9;0.36992982;0.052;0.507;;;;
GDP-M-W2;LGP;M;summer;summer_2022;W2;LGP_M;2022;0.0797404;0.7485844;500;24;0.17;8.1;7.5;1.15138232;0.089;0.794;5478.7;10.69;4552.9;
GDP-N-W2;LGP;N;summer;summer_2022;W2;LGP_N;2022;0.0632716;0.4514744;500;23.9;0.14;8.1;7.3;0.40834822;0.027;0.462;;;;3,03
GDP-O-W2;LGP;O;autumn;autumn_2022;W2;LGP_O;2022;0.14993075;1.0990225;800;15.4;0.14;7.88;19.9;1.55519854;0.034;0.699;;;;
GDP-P-W2;LGP;P;autumn;autumn_2022;W2;LGP_P;2022;0.0492764;0.4099264;500;9.7;0.15;7.94;8.14;1.8679759;0.038;2.576;9883.6;12.66;8291.5;
GDP-Q-W2;LGP;Q;autumn;autumn_2022;W2;LGP_Q;2022;0.052736;0.3365176;500;9.5;0.15;7.96;10.36;2.1706388;0.094;5.732;;;;2,08
GDP-R-W2;LGP;R;winter;winter_2022;W2;LGP_R;2022;0.0486068;0.3091988;500;9.6;0.15;7.93;7.99;1.56403754;0.039;10.1005;;;;
JAB-A-W2;JAB;A;summer;summer_2021;W2;JAB_A;2021;0.0245764;0.2137796;500;23;0.5;8.3;1.9;16.4547472;0.3710;43.3400;;;;
JAB-B-W2;JAB;B;summer;summer_2021;W2;JAB_B;2021;0.0488868;0.3365756;500;22.2;0.5;8.2;4.1;0.6470968;0.0890;32.0955;12061.8;16.14;127284.9;4,8
JAB-C-W2;JAB;C;summer;summer_2021;W2;JAB_C;2021;0.0280218;0.1618888;1000;20.6;0.5;8.3;2.3;0.3882581;0.1400;18.3000;;;;
JAB-D-W2;JAB;D;autumn;autumn_2021;W2;JAB_D;2021;0.0175332;0.1590236;500;17.5;0.5;8.0;4.6;0.7579884;0.0560;0.3040;;;;
JAB-E-W2;JAB;E;autumn;autumn_2021;W2;JAB_E;2021;0.0090977;0.0774209;2000;13;0.5;8.1;23.9;0.96267105;0.155;1.757;13502;13.52;175727.3;9,34
JAB-F-W2;JAB;F;autumn;autumn_2021;W2;JAB_F;2021;0.0145034;0.1187968;1000;8.97;0.59;7.9;1.9;2.8236845;0.125;0.499;;;;
JAB-G-W2;JAB;G;winter;winter_2021;W2;JAB_G;2022;0.0659268;0.3709196;500;4;0.6;8.1;18.4;1.31416172;0.023;9.5745;11935.1;12.28;161681.8;1,61
JAB-H-W2;JAB;H;winter;winter_2021;W2;JAB_H;2022;0.0696494;0.4516222;1000;7.7;0.6;8;12;1.67683418;0.012;3.247;;;;
JAB-I-W2;JAB;I;spring;spring_2022;W2;JAB_I;2022;0.0254882;0.1678618;1000;9.7;0.6;7.9;1.3;3.84889918;0.067;5.789;;;;
JAB-J-W2;JAB;J;spring;spring_2022;W2;JAB_J;2022;0.0324772;0.2170424;500;14.2;0.6;8.3;0.8;1.09475696;0.035;1.536;12635.9;12.18;159696.7;4,4
JAB-K-W2;JAB;K;spring;spring_2022;W2;JAB_K;2022;0.019397;0.1552448;1000;19.8;0.6;8.3;1.6;1.25863376;0.04;0.792;;;;
JAB-L-W2;JAB;L;summer;summer_2022;W2;JAB_L;2022;0.0262732;0.183994;500;22.3;0.59;8.37;1.8;0.24987582;0.049;0.5715;;;;
JAB-M-W2;JAB;M;summer;summer_2022;W2;JAB_M;2022;0.0202948;0.1535504;500;24;0.58;8.2;1.4;0.61686646;0.011;0.017;8714.5;8.59;118435.8;4,06
JAB-N-W2;JAB;N;summer;summer_2022;W2;JAB_N;2022;0.0362192;0.2032756;500;24.9;0.58;8.16;1.5;0.1953578375;0.021;0.241;;;;
JAB-O-W2;JAB;O;autumn;autumn_2022;W2;JAB_O;2022;0.02651;0.1705936;500;16.8;0.58;7.5;2.1;1.34692396;0.024;0.272;;;;
JAB-P-W2;JAB;P;autumn;autumn_2022;W2;JAB_P;2022;0.0285188;0.134392;500;9.8;0.59;7.81;3.36;1.08279522;0.042;1.5605;13244.3;15.09;166337.8;1,77
JAB-Q-W2;JAB;Q;autumn;autumn_2022;W2;JAB_Q;2022;0.0257288;0.2083036;500;10.1;0.59;7.80;4.25;4.27521468;0.156;3.548;;;;
JAB-R-W2;JAB;R;winter;winter_2022;W2;JAB_R;2022;0.0128948;0.0990284;500;10.3;0.59;7.79;2.07;5.90706936;0.246;8.419;;;;
VAI-A-W2;VSM;A;summer;summer_2021;W2;VSM_A;2021;0.038322;0.2855456;500;23;0.1;8.7;3.3;1.5715208;0.3385;222.9500;;;;
VAI-B-W2;VSM;B;summer;summer_2021;W2;VSM_B;2021;0.0460468;0.2963996;500;23.9;0.1;8.6;2.7;0.2680830;0.0540;17.8850;8317.1;13.99;27005.4;8,38
VAI-C-W2;VSM;C;summer;summer_2021;W2;VSM_C;2021;0.0411994;0.2321158;1000;20.5;0.1;8.2;5.4;0.6748295;0.1695;93.0900;;;;
VAI-D-W2;VSM;D;autumn;autumn_2021;W2;VSM_D;2021;0.0200324;0.1667996;500;18.7;0.1;7.9;3;1.0314894;0.0360;0.5080;;;;
VAI-E-W2;VSM;E;autumn;autumn_2021;W2;VSM_E;2021;0.0182268;0.132171866666667;1500;14.6;0.1;8.0;3;0.94322315;0.219;0.632;9720.3;8.216;32933.9;0,59
VAI-F-W2;VSM;F;autumn;autumn_2021;W2;VSM_F;2021;0.022569;0.1850548;1000;8.49;0.22;7.97;3;2.27632412;0.001;0.929;;;;
VAI-G-W2;VSM;G;winter;winter_2021;W2;VSM_G;2022;0.0363908;0.3404636;500;5;0.2;8.0;3.3;2.78565266;0.029;32.964;7438;22.16;20179.3;6,67
VAI-H-W2;VSM;H;winter;winter_2021;W2;VSM_H;2022;0.0265598;0.184386;1000;8.9;0.2;7.9;2.3;1.72027548;0.024;11.289;;;;
VAI-I-W2;VSM;I;spring;spring_2022;W2;VSM_I;2022;0.0358094;0.2324934;1000;12.3;0.2;8.3;2;0.9122673;0.012;1.848;;;;
VAI-J-W2;VSM;J;spring;spring_2022;W2;VSM_J;2022;0.0234578;0.1661524;1000;16.7;0.2;8.3;1.8;0.5190658;0.029;0.305;10531.8;13.16;34101.9;1,76
VAI-K-W2;VSM;K;spring;spring_2022;W2;VSM_K;2022;0.024755;0.1806416;1000;21.2;0.2;8.4;2.9;0.86993804;0.077;0.539;;;;
VAI-L-W2;VSM;L;summer;summer_2022;W2;VSM_L;2022;0.0299956;0.233648;500;21.7;0.19;8.75;4.2;0.59229824;0.05;0.8325;;;;
VAI-M-W2;VSM;M;summer;summer_2022;W2;VSM_M;2022;0.0321388;0.2577424;500;24;0.19;8.2;2.3;0.63424298;0.008;0.037;8270.3;6.596;29005.7;1,4
VAI-N-W2;VSM;N;summer;summer_2022;W2;VSM_N;2022;0.0601016;0.3951776;500;23.9;0.2;8.21;11.3;0.4610444965;0.019;0.166;;;;
VAI-O-W2;VSM;O;autumn;autumn_2022;W2;VSM_O;2022;0.0467096;0.2842264;500;16.7;0.23;7.6;4.2;4.72371924;0.0;0.578;;;;
VAI-P-W2;VSM;P;autumn;autumn_2022;W2;VSM_P;2022;0.0268448;0.1769624;500;10.3;0.24;7.91;2.7;3.66484536;0.021;3.163;11097.3;10.08;37434.2;2,93
VAI-Q-W2;VSM;Q;autumn;autumn_2022;W2;VSM_Q;2022;0.01814;0.1531632;500;10.1;0.24;7.93;2.49;7.48398508;0.009;3.555;;;;
VAI-R-W2;VSM;R;winter;winter_2022;W2;VSM_R;2022;0.0409064;0.265958;500;10.2;0.24;7.91;2.92;8.4584796;0.033;6.65;;;;
VER-A-W2;VSS;A;summer;summer_2021;W2;VSS_A;2021;0.1247716;1.0082276;500;21;0.1;8.6;17.9;0.3050599;0.3640;9.8200;;;;
VER-B-W2;VSS;B;summer;summer_2021;W2;VSS_B;2021;0.1122756;0.7700876;500;23.5;0.1;9.1;46.5;0.5084332;3.4170;26.8370;13208;119.2;11802.3;4,8
VER-C-W2;VSS;C;summer;summer_2021;W2;VSS_C;2021;0.7130312;4.2008632;250;19.7;0.1;9.3;373.8;1.4236130;2.8230;71.6880;;;;
VER-D-W2;VSS;D;autumn;autumn_2021;W2;VSS_D;2021;0.350331333333333;1.85749933333333;300;18;0.1;7.8;70.4;9.5955211;5.6440;0.2800;;;;
VER-E-W2;VSS;E;autumn;autumn_2021;W2;VSS_E;2021;0.0553994;0.4494388;1000;14.5;0.1;7.6;3.2;41.5212665;8.656;12.768;13519.5;295.1;11358.7;25,82
VER-F-W2;VSS;F;autumn;autumn_2021;W2;VSS_F;2021;0.0560242;0.3722458;1000;8.41;0.19;7.67;3.7;58.56756066;7.02;16.81;;;;
VER-G-W2;VSS;G;winter;winter_2021;W2;VSS_G;2022;0.0529764;0.4562936;500;4.3;0.2;7.9;10.9;76.94324324;6.811;46.1035;14468;267.5;11840.3;21,76
VER-H-W2;VSS;H;winter;winter_2021;W2;VSS_H;2022;0.1343356;0.9794348;500;7.7;0.2;8.2;32.1;48.72612228;4.176;52.252;;;;
VER-I-W2;VSS;I;spring;spring_2022;W2;VSS_I;2022;0.231605777777778;2.01549733333333;450;10.8;0.2;9.4;56.8;1.22504466;2.166;34.005;;;;
VER-J-W2;VSS;J;spring;spring_2022;W2;VSS_J;2022;0.1253116;1.368364;500;13.9;0.2;9.4;9.8;0.4246902;0.91;0.489;13834.3;103.7;12589.6;25,84
VER-K-W2;VSS;K;spring;spring_2022;W2;VSS_K;2022;0.0885388;0.632508;500;19;0.2;8.8;15;0.25481412;2.574;0.235;;;;
VER-L-W2;VSS;L;summer;summer_2022;W2;VSS_L;2022;0.1293724;0.9791092;500;22.3;0.18;9;13.7;0.5647369;4.975;0.066;;;;
VER-M-W2;VSS;M;summer;summer_2022;W2;VSS_M;2022;0.4614556;2.4114236;500;22;0.15;8.7;81.8;11.4773098;1.62;0.279;6562.8;31.69;5260.8;2,75
VER-N-W2;VSS;N;summer;summer_2022;W2;VSS_N;2022;1.0013164;4.8763784;500;22.9;0.15;9.45;231.8;8.63613044;1.014;0.757;;;;
VER-O-W2;VSS;O;autumn;autumn_2022;W2;VSS_O;2022;0.4772624;2.3462092;500;15.8;0.17;7.44;76.6;75.423818175;5.001;1.755;;;;
VER-P-W2;VSS;P;autumn;autumn_2022;W2;VSS_P;2022;0.0832028;0.5220508;500;10;0.19;7.81;35.4;198.08674264;12.907;3.627;7735.8;198;5989.1;4,7
VER-Q-W2;VSS;Q;autumn;autumn_2022;W2;VSS_Q;2022;0.125276;0.7588696;500;10;0.19;7.84;39.18;57.20350384;9.021;37.132;;;;
VER-R-W2;VSS;R;winter;winter_2022;W2;VSS_R;2022;0.1082012;0.7107684;500;10;0.19;7.82;39.78;88.08123868;11.116;79.504;;;;